factor,rho_st,rho_lt,delta_rho,z,p,confirmed
is_event_day,0.07475479596170856,-0.11185605420433745,0.186610850166046,12.35900879506163,0.0,True
