run_id,track,variant,selected,mae,rmse,mape,mae_tier_centrum,mae_tier_vesten_rand,mae_event,mae_non_event,n_rows
F0_persistence_baseline,forecast,F0,False,0.06347384765091565,0.11143817398438824,43069.54312119265,0.06947676683857225,0.05684177510790313,0.06417687120521193,0.06320296651071752,87600
F3_rf_90_d12_l2,forecast,F3,True,0.06497069559514888,0.09954239218758568,218074.29751730047,0.07299009076242445,0.05639418230953877,0.06567918136396425,0.06468871556771173,78017
F2_rf_90_d12_l2,forecast,F2,False,0.07248491315427745,0.11618410527712042,207200.9917438309,0.07975315371415245,0.06445490356289825,0.07435524243290777,0.07176425888253195,87600
F1_xgb_80_d4_lr006,forecast,F1,False,0.2583609318637647,0.3197303008598143,2140669.73387845,0.22622406804143458,0.2938659929035437,0.2695779028480154,0.2540389345832829,87600
P0_profile_baseline,policy,P0,False,0.20640447416834964,0.25632226803865704,753126.2867534668,0.2500903843733939,0.16271856396330536,0.21455405790416238,0.2028889674587834,87600
P4_ridge_a1_0,policy,P4,True,0.21690952413656858,0.2657007920159511,883126.1772774532,0.2546776650081916,0.17914138326494558,0.22207958779967304,0.2146793005956216,87600
P3_xgb_80_d4_lr006,policy,P3,False,0.21694942817904075,0.2680802241244634,1010900.6726875623,0.2611803921572119,0.17271846420086967,0.22339879962339204,0.2141673463795167,87600
P2_xgb_80_d4_lr006,policy,P2,False,0.2197331061642388,0.2693862266078499,1071823.0680561997,0.25800980896948644,0.18145640335899116,0.22614786139156387,0.21696595685049075,87600
