,parking_id,max_gap_h,p95_gap_h,pct_gaps_gt_1h
1,P Grote Markt,13545.0,3.0,7.438332241868588
3,P Kathedraal,10033.0,2.0,6.222382541257102
8,P Tinel,9924.0,3.0,7.955180581800761
6,P Lamot,9922.0,1.0,4.822356410616487
0,P Bruul,6791.0,1.0,1.7987311854708297
9,P Veemarkt,6722.0,3.0,8.756255477960927
2,P Hoogstraat,1841.0,1.0,3.0824659727782224
7,P Maarten,12.0,1.0,0.0517063081695967
5,P Komet,11.0,1.0,0.02370791844476055
4,P Keerdok,2.0,1.0,1.328878426607943
